alexandria, ghcr.io/ocicl/alexandria@sha256:407634b0781b2d8fc3e55a30432bcb5d0c042af2feb2d1d72de825940b0fb0df, alexandria-20260812-f283e25/alexandria.asd
asdf-macos-app, ghcr.io/ocicl/asdf-macos-app@sha256:431aa3c6ddbfd4a3cbf9cfd63501e560808175d8ac3398bead5a294c7afb4789, asdf-macos-app-20261002-670c893/asdf-macos-app.asd
babel, ghcr.io/ocicl/babel@sha256:9d9fcde71acc2b5c39572de4f11756a08c1d8801caa86c581b85dabaa35928b3, babel-20250905-4eaf3f2/babel.asd
babel-streams, ghcr.io/ocicl/babel@sha256:9d9fcde71acc2b5c39572de4f11756a08c1d8801caa86c581b85dabaa35928b3, babel-20250905-4eaf3f2/babel-streams.asd
babel-tests, ghcr.io/ocicl/babel@sha256:9d9fcde71acc2b5c39572de4f11756a08c1d8801caa86c581b85dabaa35928b3, babel-20250905-4eaf3f2/babel-tests.asd
bordeaux-threads, ghcr.io/ocicl/bordeaux-threads@sha256:bbb32afe3987e102149cc019f4f7366a05f7a37d1503f5f86a27745e671c320a, bordeaux-threads-0.9.4/bordeaux-threads.asd
cffi, ghcr.io/ocicl/cffi@sha256:ff62b9cedea80fe2c6ea0701757e2b301b6ee9aafa1ae720966ff2611e94f76b, cffi-20260821-787d3cd/cffi.asd
cffi-examples, ghcr.io/ocicl/cffi@sha256:ff62b9cedea80fe2c6ea0701757e2b301b6ee9aafa1ae720966ff2611e94f76b, cffi-20260821-787d3cd/cffi-examples.asd
cffi-grovel, ghcr.io/ocicl/cffi@sha256:ff62b9cedea80fe2c6ea0701757e2b301b6ee9aafa1ae720966ff2611e94f76b, cffi-20260821-787d3cd/cffi-grovel.asd
cffi-libffi, ghcr.io/ocicl/cffi@sha256:ff62b9cedea80fe2c6ea0701757e2b301b6ee9aafa1ae720966ff2611e94f76b, cffi-20260821-787d3cd/cffi-libffi.asd
cffi-tests, ghcr.io/ocicl/cffi@sha256:ff62b9cedea80fe2c6ea0701757e2b301b6ee9aafa1ae720966ff2611e94f76b, cffi-20260821-787d3cd/cffi-tests.asd
cffi-toolchain, ghcr.io/ocicl/cffi@sha256:ff62b9cedea80fe2c6ea0701757e2b301b6ee9aafa1ae720966ff2611e94f76b, cffi-20260821-787d3cd/cffi-toolchain.asd
cffi-uffi-compat, ghcr.io/ocicl/cffi@sha256:ff62b9cedea80fe2c6ea0701757e2b301b6ee9aafa1ae720966ff2611e94f76b, cffi-20260821-787d3cd/cffi-uffi-compat.asd
cl_plus_ssl, ghcr.io/ocicl/cl_plus_ssl@sha256:d50fbbba38827e835eec2415744e0fb05a2a0bf4d44940cdc23922f15036efe5, cl-plus-ssl-20251220-499b2f5/cl+ssl.asd
cl_plus_ssl.test, ghcr.io/ocicl/cl_plus_ssl@sha256:d50fbbba38827e835eec2415744e0fb05a2a0bf4d44940cdc23922f15036efe5, cl-plus-ssl-20251220-499b2f5/cl+ssl.test.asd
closer-mop, ghcr.io/ocicl/closer-mop@sha256:39ec579e68118a8be57a7882812ff31094a031f88b77f11cf4434a92261f1126, closer-mop-20260329-04db182/closer-mop.asd
documentation-utils, ghcr.io/ocicl/documentation-utils@sha256:b2a1b3f3bcd1a738af85ae2b0168d408c177661eab6d6bbebb254e394d983f54, documentation-utils-20230511-98630dd/documentation-utils.asd
fiveam, ghcr.io/ocicl/fiveam@sha256:e283043dc8d31e8df2b214465cf5a06ea07bdbea10e600a40e17aaf9518226ac, fiveam-20240928-e43d6c8/fiveam.asd
flexi-streams, ghcr.io/ocicl/flexi-streams@sha256:95005b06a8a95c82780c75ead53810bcb273d07fcf5fe76b527f1856df9923f2, flexi-streams-20240503-4951d57/flexi-streams.asd
flexi-streams-test, ghcr.io/ocicl/flexi-streams@sha256:95005b06a8a95c82780c75ead53810bcb273d07fcf5fe76b527f1856df9923f2, flexi-streams-20240503-4951d57/flexi-streams-test.asd
float-features, ghcr.io/ocicl/float-features@sha256:8c6019d2c33036229a3a6c81185c3eb7588e5a8c3e9fc1f4eb40939a64c223b9, float-features-20260820-5f54e87/float-features.asd
global-vars, ghcr.io/ocicl/global-vars@sha256:d197e871c9c9abc4bf31b1186f5fd28f0ca848ebe2e9dddf2d82ecee01dbdc65, global-vars-20240503-c749f32/global-vars.asd
global-vars-test, ghcr.io/ocicl/global-vars@sha256:d197e871c9c9abc4bf31b1186f5fd28f0ca848ebe2e9dddf2d82ecee01dbdc65, global-vars-20240503-c749f32/global-vars-test.asd
iolib, ghcr.io/ocicl/iolib@sha256:0f523172cd40b937dc1ed3ecd8d3ac1b5cb41c772c60f7ccbc42b2fa9e315047, iolib-20260812-c939f25/iolib.asd
iolib.asdf, ghcr.io/ocicl/iolib@sha256:0f523172cd40b937dc1ed3ecd8d3ac1b5cb41c772c60f7ccbc42b2fa9e315047, iolib-20260812-c939f25/iolib.asdf.asd
iolib.base, ghcr.io/ocicl/iolib@sha256:0f523172cd40b937dc1ed3ecd8d3ac1b5cb41c772c60f7ccbc42b2fa9e315047, iolib-20260812-c939f25/iolib.base.asd
iolib.common-lisp, ghcr.io/ocicl/iolib@sha256:0f523172cd40b937dc1ed3ecd8d3ac1b5cb41c772c60f7ccbc42b2fa9e315047, iolib-20260812-c939f25/iolib.common-lisp.asd
iolib.conf, ghcr.io/ocicl/iolib@sha256:0f523172cd40b937dc1ed3ecd8d3ac1b5cb41c772c60f7ccbc42b2fa9e315047, iolib-20260812-c939f25/iolib.conf.asd
iolib.examples, ghcr.io/ocicl/iolib@sha256:0f523172cd40b937dc1ed3ecd8d3ac1b5cb41c772c60f7ccbc42b2fa9e315047, iolib-20260812-c939f25/iolib.examples.asd
multilang-documentation-utils, ghcr.io/ocicl/documentation-utils@sha256:b2a1b3f3bcd1a738af85ae2b0168d408c177661eab6d6bbebb254e394d983f54, documentation-utils-20230511-98630dd/multilang-documentation-utils.asd
net.didierverna.asdf-flv, ghcr.io/ocicl/net.didierverna.asdf-flv@sha256:e5cd087d41cf24302a92d9bac426a925f8868b554be2414c0f012c961e3ddb8c, asdf-flv-20240503-3f1de41/net.didierverna.asdf-flv.asd
notes-app, ghcr.io/ocicl/objc@sha256:2c8863ab61642b1defdbb8d1dea957f53e1239ffc8a2f7ec468aa7a1b922c76f, objc-20260930-eefd435/examples/notes-app/notes-app.asd
objc, ghcr.io/ocicl/objc@sha256:2c8863ab61642b1defdbb8d1dea957f53e1239ffc8a2f7ec468aa7a1b922c76f, objc-20260930-eefd435/objc.asd
split-sequence, ghcr.io/ocicl/split-sequence@sha256:3a37662eedd99c42995587b9d443c4631f25c4c523091bcca31a27b880585b8e, split-sequence-2.0.1/split-sequence.asd
trivial-backtrace, ghcr.io/ocicl/trivial-backtrace@sha256:89a3138695bb767c50001402fad60dacfc1e867e4e3d3579cc6f636d3e29a51c, trivial-backtrace-20240503-7f90b4a/trivial-backtrace.asd
trivial-backtrace-test, ghcr.io/ocicl/trivial-backtrace@sha256:89a3138695bb767c50001402fad60dacfc1e867e4e3d3579cc6f636d3e29a51c, trivial-backtrace-20240503-7f90b4a/trivial-backtrace-test.asd
trivial-features, ghcr.io/ocicl/trivial-features@sha256:ab71fa7a6cbef84578616795f3af8ebb09d3bce1e6b89da3fc80db19236cc5b4, trivial-features-20260908-828246a/trivial-features.asd
trivial-features-tests, ghcr.io/ocicl/trivial-features@sha256:ab71fa7a6cbef84578616795f3af8ebb09d3bce1e6b89da3fc80db19236cc5b4, trivial-features-20260908-828246a/trivial-features-tests.asd
trivial-garbage, ghcr.io/ocicl/trivial-garbage@sha256:e76c38568f7ff0a2564ab47e27e0b2293f00f258e6510f2abec4d46920f2c4db, trivial-garbage-20260829-f0663f7/trivial-garbage.asd
trivial-gray-streams, ghcr.io/ocicl/trivial-gray-streams@sha256:9d702556e5973fd18e67642b18bd5a2f901972ef7d5b134615e2f5fd77396bb9, trivial-gray-streams-20260818-257d73e/trivial-gray-streams.asd
trivial-gray-streams-test, ghcr.io/ocicl/trivial-gray-streams@sha256:9d702556e5973fd18e67642b18bd5a2f901972ef7d5b134615e2f5fd77396bb9, trivial-gray-streams-20260818-257d73e/trivial-gray-streams-test.asd
trivial-indent, ghcr.io/ocicl/trivial-indent@sha256:d6fbd17596902035519516d5a1dfb96e535cb8f1098dc1ba0753b975bdf5c21f, trivial-indent-20260912-7281fb0/trivial-indent.asd
uffi, ghcr.io/ocicl/cffi@sha256:ff62b9cedea80fe2c6ea0701757e2b301b6ee9aafa1ae720966ff2611e94f76b, cffi-20260821-787d3cd/uffi-compat/uffi.asd
usocket, ghcr.io/ocicl/usocket@sha256:282856b819b22a4319ba30a15605ee934aa23292a471fd29ea4d3f2074b3f16d, usocket-0.8.8/usocket.asd
usocket-server, ghcr.io/ocicl/usocket@sha256:282856b819b22a4319ba30a15605ee934aa23292a471fd29ea4d3f2074b3f16d, usocket-0.8.8/usocket-server.asd
usocket-test, ghcr.io/ocicl/usocket@sha256:282856b819b22a4319ba30a15605ee934aa23292a471fd29ea4d3f2074b3f16d, usocket-0.8.8/usocket-test.asd
